NumCad,NomFun,DatNas,DatAdm
1,Isaac da Luz,26/06/1990,11/10/2016
2,Agatha Campos,18/01/1991,04/05/2021
3,Luiza Aragão,25/05/1987,15/01/2022
4,Gabriela Almeida,26/05/1966,12/08/2023
5,Antônio Alves,26/12/2002,08/11/2023
6,Laura Barros,17/03/2000,15/05/2014
7,Yasmin Farias,14/05/1997,30/01/2023
8,Erick Peixoto,06/11/1960,06/09/2014
9,Fernando Teixeira,18/07/1988,21/07/2023
10,Dra. Gabrielly Almeida,05/06/1960,23/07/2020
11,Joana da Mota,27/08/2005,26/08/2016
12,Srta. Agatha da Costa,08/09/1977,30/03/2020
13,Maria Eduarda Duarte,15/02/1991,02/04/2015
14,Breno Rodrigues,29/07/1970,10/06/2021
15,Davi Lucca Sales,24/06/1984,25/07/2022
16,Dr. Bernardo Barbosa,24/11/2001,11/01/2023
17,Nicole Lopes,28/06/1983,29/10/2022
18,Isis Gonçalves,02/06/1981,24/06/2017
19,Natália Moura,30/11/1973,17/02/2016
20,Bárbara Ramos,06/09/1981,22/09/2017
21,Isabel Pires,09/05/1994,01/11/2018
22,Breno Santos,05/11/1960,20/08/2014
23,Catarina Silveira,24/07/1997,13/02/2018
24,Maria Nascimento,02/10/2001,13/09/2020
25,Erick Rocha,02/02/1991,30/07/2015
26,Sra. Esther Aragão,13/08/1970,30/07/2021
27,Lucas Barros,28/04/1966,06/05/2018
28,Yago da Cunha,29/09/1982,12/02/2020
29,Julia da Mata,25/11/1980,19/03/2021
30,Danilo Gonçalves,14/06/1982,15/01/2018
31,Yago Nunes,18/03/1973,08/11/2020
32,Enzo das Neves,16/06/2000,25/02/2021
33,Yago Cardoso,14/08/2003,27/09/2016
34,Sr. Anthony Fernandes,17/05/1966,24/12/2016
35,Sr. Yago da Rosa,01/01/1994,31/12/2022
36,Esther Moraes,06/09/1985,23/12/2020
37,Maria Julia das Neves,09/06/1975,01/08/2015
38,Ana Clara Rodrigues,21/06/2001,16/07/2022
39,Murilo da Cunha,21/07/1988,15/05/2017
40,Brenda Melo,21/11/1983,16/03/2016
41,Isabel Martins,05/02/1984,19/02/2021
42,Sarah Santos,26/11/1973,15/01/2020
43,Caio Novaes,14/07/1985,15/12/2014
44,Vicente Ramos,03/07/1973,02/06/2017
45,Guilherme Duarte,15/06/1990,23/05/2017
46,Enzo Gabriel Gomes,02/03/1984,17/11/2017
47,Dr. Calebe Cardoso,04/02/1992,23/06/2019
48,Fernando Melo,09/10/1975,20/07/2017
49,Sra. Joana Moura,11/12/1971,03/04/2015
50,Enzo Alves,31/01/1988,12/11/2021
51,Yuri Silva,26/02/1982,10/10/2021
52,Pedro Lucas Teixeira,20/06/1966,25/03/2016
53,Dr. André Ferreira,19/08/1959,22/07/2020
54,Nicole Alves,15/06/1996,23/04/2019
55,Sra. Maria Alice Aragão,14/08/1978,24/07/2023
56,Clarice da Cruz,04/03/1996,02/04/2020
57,Ana Júlia da Cunha,08/08/1979,15/11/2014
58,Maria Porto,03/06/1973,15/05/2014
59,Valentina Dias,16/03/1968,26/03/2023
60,Felipe Lopes,12/05/1988,10/06/2020
61,Daniela Sales,27/02/1962,23/01/2017
62,Eduarda Santos,06/04/1978,06/07/2015
63,Gustavo Cavalcanti,02/04/1963,13/04/2018
64,Sra. Amanda Almeida,13/04/1998,10/11/2014
65,Sr. Diego Santos,27/02/1958,17/03/2020
66,Nicole Jesus,03/02/1976,24/02/2020
67,Srta. Sarah Lopes,16/02/1992,09/03/2015
68,Sra. Maria Vitória Ribeiro,07/11/1976,27/08/2015
69,Larissa Jesus,25/09/1971,15/03/2016
70,Breno Campos,09/11/2003,19/07/2019
71,Dra. Luna Sales,31/05/1984,30/08/2019
72,Henrique Jesus,17/06/1959,27/09/2014
73,Bryan da Costa,05/11/1959,06/10/2022
74,Theo Vieira,09/10/1965,14/02/2022
75,Melissa Pires,26/06/1978,16/05/2023
76,Gabrielly da Conceição,19/05/1964,07/02/2018
77,Paulo Rocha,19/09/2000,19/06/2018
78,Yuri Rodrigues,15/02/1997,30/08/2019
79,Ana Souza,16/11/1999,27/12/2016
80,Otávio Moreira,26/09/2004,16/04/2020
81,Arthur Costela,17/09/1966,22/12/2017
82,Ana Júlia Pires,02/02/1976,28/10/2023
83,Luna Caldeira,08/04/1989,13/08/2021
84,Nicolas da Luz,11/04/1988,25/07/2018
85,Valentina Nascimento,04/01/1978,04/02/2022
86,Davi Luiz Cavalcanti,18/09/1963,18/08/2023
87,Dr. Bernardo Duarte,09/08/1974,05/05/2016
88,Cauã Azevedo,05/10/1968,07/10/2014
89,Renan Carvalho,14/10/1967,05/03/2016
90,Emanuelly Teixeira,25/01/1972,31/01/2015
91,Yuri Lopes,01/04/2000,19/08/2016
92,Dr. Bruno Gomes,09/07/1986,16/07/2020
93,Srta. Mirella Araújo,31/12/1963,27/07/2014
94,Francisco Rodrigues,24/06/1963,07/08/2020
95,Luiz Gustavo da Conceição,23/10/1958,02/09/2018
96,Davi Luiz Campos,21/01/2000,03/10/2021
97,Olivia Correia,19/11/1996,13/06/2019
98,Ana Laura Gonçalves,22/06/1977,17/02/2017
99,Luiz Henrique Sales,16/12/1980,14/12/2020
100,Gabriela Nascimento,16/02/1980,05/07/2020
101,Luna Peixoto,17/12/1969,09/10/2022
102,João Ribeiro,19/11/1981,04/11/2018
103,Srta. Beatriz Moraes,04/12/1962,30/08/2016
104,Juan da Paz,10/07/1975,03/11/2014
105,Srta. Isis Moreira,23/09/2005,08/09/2016
106,Marcos Vinicius Costa,12/01/1967,06/06/2022
107,Eduarda Sales,19/06/1964,06/04/2023
108,Anthony Nunes,22/07/1967,20/09/2015
109,Fernando Araújo,17/07/1988,14/11/2015
110,Francisco da Cruz,25/05/1998,26/02/2021
111,Pietra Cardoso,16/04/2004,24/08/2023
112,Júlia Pereira,17/11/1964,01/04/2023
113,Maria Eduarda Fernandes,14/12/1960,22/10/2022
114,Srta. Brenda das Neves,14/03/1979,17/09/2022
115,Sr. Luiz Fernando Costela,31/03/1972,11/05/2018
116,Sr. Davi Lucas da Conceição,07/03/1980,04/01/2016
117,Pietro Souza,19/08/1987,23/04/2023
118,Vitória da Costa,15/11/1979,01/10/2023
119,Sra. Ana Sophia Caldeira,30/07/1984,22/02/2022
120,Cauã Fogaça,15/02/1996,17/07/2015
121,Isabel Campos,21/07/1992,05/07/2015
122,Sr. Renan Pinto,07/08/1961,23/08/2016
123,Maria Fernanda Correia,27/10/1975,23/07/2022
124,Natália Duarte,14/11/1958,22/09/2020
125,Alexia Barbosa,20/04/1970,19/09/2022
126,Dra. Lorena Ramos,13/10/1979,03/05/2018
127,Emilly Ribeiro,31/10/1972,10/11/2016
128,Srta. Caroline da Luz,15/12/1989,25/04/2021
129,João Vitor Araújo,14/02/1990,23/01/2018
130,Gustavo Cardoso,28/08/1969,31/01/2020
131,Sra. Alexia Pires,03/10/1959,13/02/2015
132,Ana Pires,03/06/1975,16/04/2019
133,Davi Aragão,21/03/1995,05/07/2020
134,Sophie Cavalcanti,03/11/1977,12/09/2018
135,Theo Costa,01/08/1974,20/10/2017
136,Sr. Miguel Aragão,28/02/1958,23/03/2017
137,Sr. Fernando da Luz,24/04/1988,25/09/2017
138,Isabelly Nascimento,24/07/1966,27/08/2018
139,Dr. Bernardo Campos,06/04/1980,09/09/2017
140,Dr. Bryan Almeida,02/01/2005,22/11/2021
141,Isis da Luz,04/07/1970,09/10/2018
142,Emanuel Ferreira,17/08/2002,15/10/2022
143,Dra. Marcela Pires,08/04/1968,03/03/2018
144,Anthony da Rosa,11/07/1990,13/03/2021
145,Emanuella Viana,23/10/1989,01/01/2016
146,Maria Castro,08/08/1993,23/06/2016
147,Cauã da Rocha,22/07/1998,29/10/2019
148,Noah Rezende,25/12/2001,09/05/2021
149,Maria Vitória da Conceição,25/08/1994,10/09/2016
150,Sra. Camila Souza,05/02/1996,18/09/2022
151,Ana Carolina Pinto,30/07/1995,26/08/2021
152,Vinicius Cunha,12/02/1971,10/05/2017
153,Ana da Cunha,04/12/1978,18/03/2019
154,Sra. Alícia Nunes,28/04/1976,08/04/2017
155,Davi Luiz Pires,23/05/2002,23/07/2022
156,Matheus Santos,29/07/2005,06/12/2022
157,Sr. Nathan Teixeira,29/12/1966,24/04/2019
158,Nina Pereira,25/02/1989,08/07/2014
159,Brenda Silva,02/05/1978,30/04/2015
160,Lucas Pires,18/04/1978,04/06/2021
161,Davi Sales,07/01/2001,10/03/2020
162,Srta. Helena Ramos,20/02/1996,25/08/2019
163,João Vitor Cardoso,23/07/1979,20/09/2023
164,João Lucas da Cruz,10/09/1965,16/04/2023
165,Breno Pinto,19/12/1988,02/09/2014
166,Sra. Maria Alice Barros,09/04/1984,01/01/2024
167,Srta. Yasmin Silveira,09/09/1968,05/06/2018
168,Yuri Duarte,16/09/1972,06/06/2014
169,Lara Sales,01/07/1965,22/12/2014
170,Brenda da Cruz,09/02/1982,15/11/2016
171,Marcela Moura,07/04/1970,23/12/2023
172,Júlia Rezende,14/06/2003,12/08/2021
173,Dr. João Miguel Jesus,15/03/1998,08/02/2018
174,Pedro Miguel Ramos,18/03/1967,18/04/2014
175,Yasmin Rezende,03/02/1993,14/10/2016
176,Marcos Vinicius das Neves,01/05/1987,13/08/2016
177,Bárbara Azevedo,27/10/1979,07/09/2014
178,Kevin Moraes,14/08/1967,22/12/2021
179,Ana Clara da Rosa,21/04/1981,03/01/2017
180,Isaac da Cruz,03/10/1986,28/01/2021
181,Cauê Rocha,20/04/1988,10/11/2023
182,Pedro Moraes,07/04/1964,25/07/2016
183,Srta. Yasmin Lopes,01/08/2002,15/09/2022
184,Emanuella Campos,23/03/1959,20/07/2022
185,Carolina Fernandes,12/05/2000,15/06/2021
186,Bárbara Dias,02/01/1986,17/12/2015
187,Alice da Rosa,12/02/2003,04/12/2022
188,Leonardo Barbosa,03/11/1976,15/05/2015
189,Bianca Monteiro,01/04/1997,04/09/2017
190,Ana Julia Nascimento,11/04/1997,24/01/2017
191,Valentina Costa,07/12/1987,30/10/2015
192,Srta. Isabel Gonçalves,23/08/2002,24/03/2016
193,Dra. Emanuella Lopes,22/04/1976,12/03/2020
194,Ana Vitória Caldeira,07/10/1985,13/05/2023
195,Camila Costa,18/01/1961,08/10/2018
196,Alana Fogaça,08/05/1972,05/07/2021
197,Amanda Araújo,12/01/1965,18/07/2017
198,Natália da Mota,18/11/1991,15/09/2015
199,Bruna Monteiro,16/11/1972,07/10/2014
200,Sra. Kamilly Santos,01/11/1999,07/12/2019
201,Renan Moreira,22/01/1964,18/03/2016
202,Sra. Alana Pires,08/08/1980,29/10/2019
203,Benjamin Ramos,24/08/1975,03/07/2015
204,Sra. Luana Almeida,12/08/1980,29/10/2017
205,Noah Nunes,13/06/1996,14/12/2020
206,Natália Rocha,31/01/1960,08/06/2020
207,Alice Azevedo,14/02/1963,27/02/2018
208,Carlos Eduardo Moraes,30/08/1979,28/01/2018
209,Eduardo Gonçalves,21/09/1986,26/10/2019
210,Ana Silva,09/08/1972,04/03/2018
211,Gustavo Henrique da Rocha,04/05/1980,25/07/2016
212,Enzo da Cruz,08/06/1995,21/09/2018
213,Sr. Luiz Henrique Nascimento,21/06/1981,14/08/2023
214,Juliana das Neves,04/01/1969,12/12/2019
215,Alexandre Cunha,06/06/2001,19/06/2023
216,Antônio Teixeira,03/06/2001,28/04/2016
217,Pietra Melo,12/03/1986,01/05/2022
218,Sra. Rafaela Costa,14/02/1973,09/11/2016
219,Emanuel Ferreira,12/04/1972,05/06/2020
220,Enzo Moreira,11/12/2002,31/03/2021
221,Maria Luiza Almeida,22/08/1991,03/12/2018
222,Davi Lucas da Cruz,22/01/1960,21/07/2022
223,Melissa Cardoso,15/04/1981,04/10/2023
224,Enrico Barbosa,18/04/1970,30/12/2020
225,Samuel Correia,17/07/1975,15/12/2023
226,Dra. Stephany Souza,16/06/1991,08/01/2023
227,Enrico Cardoso,22/10/2000,04/07/2018
228,Sophia Novaes,25/05/1969,09/03/2016
229,Beatriz Cavalcanti,12/08/1958,04/10/2022
230,Dra. Esther Cardoso,14/04/1965,16/09/2022
231,Sophie Barros,12/01/1986,01/01/2015
232,Enzo Gabriel Moreira,24/03/2000,27/08/2014
233,Stephany Lima,03/10/1967,28/02/2016
234,Letícia Alves,29/06/1967,25/03/2023
235,Caroline Aragão,15/02/1966,31/12/2020
236,Raquel Souza,24/02/2001,25/09/2021
237,Agatha Santos,17/04/1970,05/07/2016
238,Vitória Ribeiro,21/02/1967,07/02/2019
239,Dr. Levi Gonçalves,04/12/1973,23/07/2023
240,Thales Gomes,18/06/1972,12/01/2015
241,Rebeca Aragão,29/06/1981,27/07/2023
242,Milena Alves,14/08/2003,02/12/2017
243,Thales Teixeira,23/10/1977,12/03/2017
244,João Felipe da Paz,18/05/1982,18/07/2021
245,Natália Fogaça,06/05/1998,15/11/2022
246,Luiza Gomes,23/09/1987,29/08/2019
247,Gabriela da Rosa,14/07/1973,26/03/2021
248,Vitória Pinto,11/02/1958,16/05/2023
249,Emanuelly Dias,17/11/1977,17/06/2016
250,Sra. Stella Fogaça,01/09/1962,18/06/2019
251,Marina Souza,17/12/1962,17/11/2022
252,Dr. Antônio Caldeira,13/09/1989,18/05/2020
253,João Gabriel Novaes,22/05/1973,08/01/2016
254,Lucas Viana,11/09/1960,18/07/2019
255,Yago Costela,26/09/1979,30/04/2022
256,Manuela Souza,01/01/1994,11/12/2021
257,Raquel Lopes,05/04/1963,12/02/2014
258,Brenda Barbosa,19/04/1959,25/01/2024
259,Marcelo Moraes,24/05/2001,02/02/2023
260,Rafaela Costela,20/08/2003,08/07/2016
261,Luiza Sales,28/08/1985,16/09/2018
262,Gabrielly Cardoso,08/04/2001,17/07/2019
263,Ana Laura da Mota,01/01/1975,14/05/2014
264,Larissa Ramos,12/07/1959,23/07/2021
265,Guilherme Costela,24/06/1958,10/03/2014
266,Gabriela Jesus,31/05/1969,19/10/2019
267,Isaac das Neves,22/02/2000,23/09/2023
268,Gabrielly Nunes,22/09/2003,01/12/2020
269,Eloah Martins,28/03/1989,12/01/2020
270,Rafael Rezende,24/06/1990,02/11/2021
271,Kaique Campos,09/10/1974,17/03/2018
272,Vicente Jesus,22/12/1979,25/10/2022
273,Marcos Vinicius da Paz,04/10/1973,03/01/2019
274,Luiz Miguel Fernandes,25/04/1964,20/04/2021
275,Sra. Clara Correia,11/04/1980,22/07/2019
276,Diego Cardoso,16/04/1989,06/12/2015
277,Sr. Anthony Silveira,13/06/1961,21/09/2015
278,Elisa Santos,31/10/1967,23/08/2015
279,Eduarda Jesus,01/08/2004,23/06/2015
280,Luiz Miguel das Neves,14/10/1972,24/03/2023
281,Lívia da Conceição,09/07/1979,23/09/2017
282,Enzo Gabriel Martins,24/10/1997,13/03/2020
283,Enzo Ribeiro,13/06/1971,04/11/2015
284,Enzo Gabriel Duarte,26/11/1991,04/08/2021
285,Enzo da Luz,26/06/1971,25/10/2023
286,Nicolas Silveira,14/07/1974,23/04/2017
287,João Vitor Nogueira,20/07/1978,06/08/2022
288,Emanuelly Correia,25/09/1991,15/05/2017
289,Emanuella Silva,06/04/1964,12/08/2021
290,Benício Pereira,14/02/1962,22/01/2016
291,Maitê Caldeira,28/10/1997,30/07/2014
292,Cauê Pinto,28/02/1960,25/05/2023
293,Eloah Duarte,14/02/1968,11/06/2015
294,Agatha Barbosa,23/09/1984,21/10/2015
295,Emanuella Rocha,12/01/1995,23/09/2022
296,Bianca Azevedo,09/07/1991,11/05/2019
297,Marcelo Pires,22/05/1974,09/07/2015
298,Sra. Sabrina Duarte,26/03/1996,22/03/2018
299,Daniela das Neves,18/06/1977,21/11/2017
300,Sra. Valentina Carvalho,16/08/1998,08/10/2019
301,Luiza Oliveira,15/03/1989,18/09/2022
302,Rafael da Rosa,23/02/1968,15/08/2019
303,Ana Julia Jesus,20/01/1960,23/02/2022
304,Leonardo da Paz,11/03/2001,07/03/2019
305,Pedro Lucas Costa,10/05/1998,17/09/2019
306,Murilo Pereira,07/02/1998,02/03/2018
307,Luiz Henrique Oliveira,25/03/1979,26/11/2014
308,Pedro Miguel Souza,27/09/1958,25/11/2018
309,Luiz Otávio Lopes,15/05/1981,08/03/2018
310,Maria Rocha,20/11/1962,25/04/2022
311,Cauã Almeida,22/12/1987,19/05/2018
312,Antônio Nascimento,19/10/1969,25/05/2019
313,Alice Silveira,24/07/2002,23/11/2017
314,Vinicius Oliveira,13/10/1965,19/06/2023
315,Cauã Rocha,12/12/1962,13/01/2018
316,Julia Campos,01/01/1963,23/04/2018
317,Joana Duarte,22/01/1980,11/10/2020
318,Kaique Gomes,21/05/1993,07/07/2014
319,João Felipe Cunha,26/08/1987,16/09/2021
320,Daniel Campos,18/03/1997,04/01/2021
321,Sra. Lara Costa,18/06/1966,16/11/2022
322,Maria da Paz,20/08/1986,23/11/2015
323,Cauã Cardoso,09/09/1991,06/01/2020
324,Nicole Barbosa,07/07/1982,27/05/2019
325,Enrico Silveira,29/01/1989,15/02/2016
326,Dr. Joaquim Monteiro,01/10/1986,20/07/2017
327,Agatha Rocha,27/03/1986,02/09/2021
328,Cecília Souza,08/02/1999,18/01/2023
329,Fernando Gomes,28/08/1979,05/08/2018
330,Sabrina da Rocha,26/02/2000,27/08/2016
331,Luiz Miguel Barros,21/09/1981,01/03/2019
332,Clarice Melo,10/09/1977,28/12/2014
333,Letícia Duarte,27/08/1981,20/12/2016
334,Pedro Henrique Silveira,06/03/1969,30/04/2019
335,Isabelly da Rosa,19/10/1971,19/01/2024
336,Gabriela Costa,09/02/1973,24/04/2017
337,Larissa Porto,02/01/2003,10/09/2021
338,Fernando Gonçalves,27/05/1995,29/08/2020
339,Vitor Gabriel Jesus,21/07/1989,04/02/2022
340,Srta. Emanuella da Costa,09/03/1960,28/07/2023
341,Gustavo Henrique Ramos,29/07/1994,17/11/2020
342,Sophia Cavalcanti,07/03/1981,27/05/2016
343,Leonardo Viana,17/11/1983,12/01/2017
344,Yago Martins,24/12/1994,27/09/2017
345,Diogo Gomes,21/11/2003,07/07/2018
346,Ana Julia Rodrigues,09/12/1982,07/11/2021
347,Cauã Almeida,22/05/1984,19/02/2014
348,Emilly Barbosa,05/01/2000,13/01/2016
349,Maria Eduarda Souza,04/07/1971,15/01/2015
350,Emilly Santos,10/04/1988,03/10/2019
351,Mariane Duarte,01/11/2004,03/07/2014
352,Sra. Brenda Cardoso,26/04/1996,25/11/2022
353,Amanda Porto,06/12/2003,26/04/2018
354,Isabella Aragão,20/12/1964,11/07/2019
355,Letícia das Neves,20/09/1960,21/02/2018
356,Marcela Gomes,08/05/1972,15/02/2017
357,Catarina Castro,28/05/1969,27/07/2018
358,Dr. João Gabriel Aragão,18/08/1977,24/08/2019
359,Luiz Fernando Melo,09/07/1986,22/08/2014
360,Helena Campos,31/08/1963,09/08/2019
361,Luiz Felipe Castro,30/11/2005,26/02/2020
362,Leandro Monteiro,03/11/1989,10/10/2021
363,Eduardo Carvalho,13/09/1998,06/05/2018
364,Henrique Melo,28/05/1972,25/06/2021
365,Giovanna Fogaça,03/02/1976,14/11/2014
366,Pedro Lucas Almeida,21/10/1982,30/10/2022
367,Leonardo da Cunha,02/02/1992,05/08/2017
368,Fernando Cavalcanti,26/10/2005,17/04/2016
369,Maysa Teixeira,14/06/2005,19/01/2024
370,Augusto Barros,20/12/1959,13/05/2017
371,Nina Fernandes,04/02/2005,30/10/2014
372,Luana Pinto,29/12/1960,30/01/2023
373,Erick Mendes,13/01/1979,23/09/2017
374,Diego Melo,31/03/1961,10/05/2022
375,João Lucas Vieira,08/07/1985,27/03/2019
376,Lara das Neves,10/06/1989,17/07/2018
377,Vitória da Rocha,17/05/2001,10/03/2020
378,Brenda Araújo,07/12/1968,14/02/2019
379,Leandro Pinto,30/12/1998,14/02/2021
380,Joaquim Teixeira,19/08/1964,01/06/2019
381,Felipe Fernandes,07/11/1980,28/12/2016
382,Ana Carolina Martins,25/03/1964,08/04/2023
383,Marcela Rocha,13/10/1996,26/11/2016
384,Alice Rezende,05/08/1973,16/04/2015
385,Amanda Dias,09/04/1982,20/01/2015
386,Stella Alves,17/11/1989,20/12/2020
387,Antônio Novaes,25/07/1977,29/11/2019
388,Guilherme Ramos,24/09/1987,16/03/2016
389,Rafaela Cavalcanti,21/01/1975,13/04/2018
390,Ana da Luz,06/04/1976,24/12/2020
391,Giovanna Costela,13/09/1985,30/10/2017
392,Ana Duarte,01/11/1979,13/07/2018
393,Emilly Castro,22/11/1969,21/11/2016
394,Maitê Nunes,06/11/2004,12/12/2018
395,Leonardo Costela,14/08/1985,22/03/2020
396,Elisa da Rocha,30/08/1960,11/06/2014
397,Nina Monteiro,23/09/1962,09/12/2016
398,Otávio da Rosa,20/08/1968,11/01/2019
399,Natália Dias,05/01/2004,07/06/2023
400,Paulo Novaes,02/06/1989,11/08/2016
401,Rodrigo Viana,06/05/1971,06/08/2019
402,Vitória Cunha,18/03/1986,25/09/2018
403,Dra. Yasmin Rodrigues,14/07/2002,22/03/2021
404,Rodrigo Peixoto,21/01/1997,27/10/2019
405,Srta. Camila das Neves,12/09/1958,07/06/2021
406,Rebeca Novaes,16/11/1980,09/02/2020
407,Lorenzo Cunha,18/12/2004,30/12/2016
408,Luiza Pires,01/01/1964,24/08/2014
409,Sr. Calebe Castro,27/09/1993,07/01/2023
410,Nina Lopes,25/08/2005,23/09/2020
411,Natália Cavalcanti,22/01/1993,15/03/2019
412,Pedro Henrique Aragão,28/10/1991,16/06/2022
413,Sr. Lucca da Luz,07/06/1961,20/04/2019
414,Pedro Miguel Vieira,26/09/1978,31/07/2020
415,Alexandre Barbosa,15/09/2002,09/12/2016
416,Ana Lívia Costa,26/06/1967,17/07/2023
417,Ana Carolina Pinto,28/02/1995,22/01/2024
418,Joaquim da Mota,30/04/1971,22/02/2019
419,Luana Silveira,20/10/1991,04/09/2015
420,Giovanna Souza,26/12/1981,30/01/2015
421,Sra. Milena Castro,31/07/1972,17/09/2014
422,Cecília Dias,22/12/1978,02/09/2016
423,Ryan Ferreira,26/09/1984,12/09/2018
424,Daniela Martins,11/02/1960,19/12/2020
425,Ana Júlia Lima,27/05/2001,03/11/2022
426,Leonardo Araújo,04/11/1959,29/03/2014
427,Larissa Almeida,25/06/1983,19/03/2021
428,Francisco Nascimento,06/05/1958,15/08/2017
429,Ana Júlia Peixoto,28/07/1966,19/01/2023
430,Lucas Gabriel Freitas,28/09/1990,26/05/2017
431,Srta. Maria Cecília Costela,19/03/1985,13/02/2020
432,Agatha Peixoto,25/05/1970,22/08/2021
433,Felipe Porto,13/12/1972,25/04/2022
434,Raul Fernandes,28/05/1972,15/01/2020
435,Luigi Lopes,20/06/1976,13/04/2020
436,Dr. Erick Fogaça,25/06/1967,11/10/2023
437,Thomas Dias,17/11/1969,07/04/2018
438,Ryan da Rocha,15/03/1994,02/01/2021
439,Ana Beatriz da Cunha,26/03/1976,03/11/2019
440,Lorenzo Araújo,22/07/1998,06/11/2016
441,Sr. Calebe Barbosa,18/03/1974,13/12/2021
442,Bryan Rezende,11/10/1977,04/10/2014
443,Natália Pinto,24/08/1998,07/07/2023
444,Bárbara Barros,02/03/1966,15/04/2015
445,Clarice Fernandes,05/04/1997,21/08/2022
446,Diogo Teixeira,05/01/1970,02/01/2017
447,Yago da Mata,13/10/1998,17/04/2016
448,João Mendes,04/07/1998,15/10/2014
449,Arthur Correia,30/07/1974,01/07/2014
450,Maria Rodrigues,22/05/1999,23/12/2016
451,Dr. Vitor Gabriel Carvalho,02/12/1974,07/05/2014
452,Caroline Cavalcanti,23/12/1999,21/05/2017
453,Carolina Moraes,19/02/1970,01/07/2018
454,Emilly Azevedo,10/02/1960,04/06/2016
455,Maria Sophia Ribeiro,20/08/1981,10/05/2021
456,Joana Ferreira,20/09/1958,28/04/2018
457,Kamilly Cunha,13/07/1960,28/12/2018
458,Letícia da Costa,02/10/2003,15/12/2016
459,Davi Lucca Rezende,30/06/1963,31/03/2017
460,Erick Barbosa,05/12/1966,15/11/2019
461,Gabriela Silva,27/05/1995,12/04/2022
462,Gabriela da Conceição,18/02/1971,27/11/2019
463,Henrique Ribeiro,06/11/1988,27/03/2014
464,Raquel Campos,08/01/1964,03/04/2023
465,Yuri Araújo,13/03/1984,07/10/2017
466,Danilo Almeida,15/04/1976,27/04/2023
467,Sophie da Costa,08/05/1962,24/12/2022
468,Paulo Dias,20/11/1966,16/08/2014
469,Sofia Costa,22/04/1958,14/03/2014
470,Caroline Peixoto,11/04/1988,22/04/2018
471,Mirella Monteiro,20/11/2003,05/06/2023
472,João Felipe Fernandes,05/02/1998,15/05/2018
473,Emanuelly Azevedo,16/12/1962,28/02/2023
474,Alice Rezende,03/06/2002,31/10/2019
475,João Guilherme Almeida,23/05/1995,12/01/2020
476,Theo Peixoto,05/04/2005,25/07/2014
477,Mariane da Mota,13/12/1974,30/11/2017
478,Gustavo Moura,09/05/1964,30/06/2021
479,Benício Costa,09/12/1979,20/08/2021
480,Matheus Araújo,20/12/1985,20/06/2021
481,Ana Sophia Rezende,01/06/2001,11/11/2018
482,Dr. João Miguel Pinto,04/09/1967,03/02/2018
483,Miguel Nunes,21/03/1964,27/01/2018
484,Renan Costela,11/03/1975,11/11/2020
485,André Azevedo,24/09/1992,16/06/2019
486,Anthony Moura,18/10/1961,20/03/2021
487,Henrique da Rosa,19/05/1966,22/06/2023
488,Manuela Carvalho,19/07/1990,02/06/2021
489,Nicolas Araújo,09/10/1999,28/07/2015
490,Pedro Duarte,02/05/1962,10/05/2023
491,Bianca Jesus,24/04/1993,15/10/2017
492,Sra. Maria Clara da Costa,21/12/1989,07/09/2022
493,Yago da Cunha,26/06/2003,22/09/2015
494,Alice Farias,08/06/1980,12/08/2018
495,Ana Sophia Nunes,08/01/1985,13/03/2017
496,Dr. Yago Almeida,18/09/1963,26/02/2022
497,Sr. Carlos Eduardo Rodrigues,24/09/1992,22/06/2021
498,Agatha Cardoso,27/04/1976,18/05/2015
499,Helena Nogueira,08/05/1962,10/08/2016
500,Sr. André Teixeira,20/01/1997,23/11/2022
501,Maria Eduarda Rodrigues,30/03/1978,27/12/2016
502,Gabriela das Neves,29/08/1992,10/08/2021
503,Ana Vitória Gomes,11/05/1965,25/08/2023
504,João Lucas Caldeira,29/04/1998,16/08/2015
505,Isis Barbosa,10/06/1967,26/09/2021
506,Lara Dias,20/12/1998,03/04/2018
507,Gustavo da Cruz,15/09/1963,24/03/2015
508,Pedro Miguel Porto,11/09/2004,26/02/2023
509,Lorenzo Ferreira,21/10/2005,16/02/2021
510,Mirella Gonçalves,07/02/2006,28/10/2017
511,Ryan Sales,22/11/1990,26/10/2023
512,Stella Costa,21/05/1970,08/01/2015
513,Igor Lima,10/01/1975,18/09/2018
514,Brenda Vieira,12/06/2005,10/10/2022
515,Evelyn Melo,29/02/2000,03/11/2020
516,Nathan Martins,04/02/1982,30/01/2021
517,Yuri da Rosa,03/02/2003,10/11/2014
518,Catarina da Cruz,24/12/1996,26/03/2019
519,Carolina Novaes,18/10/1999,14/08/2017
520,Laura da Mota,29/12/1987,11/01/2023
521,Davi Melo,05/07/1958,21/07/2022
522,Enrico Cavalcanti,02/09/1986,30/07/2015
523,Juan Alves,22/01/2001,20/06/2021
524,Ana Lívia Carvalho,31/03/1977,05/03/2019
525,Maria Cecília Teixeira,28/01/2000,11/11/2023
526,Ryan Jesus,14/07/1994,26/09/2022
527,Felipe Moraes,26/12/1976,07/10/2018
528,Agatha Cardoso,13/10/1972,01/06/2019
529,Ana Luiza da Paz,09/01/1968,18/12/2014
530,Dra. Caroline Nogueira,31/12/1986,11/01/2016
531,Isaac Lopes,13/02/1989,30/04/2016
532,Marina Barros,25/01/1984,11/11/2022
533,João Cavalcanti,23/03/1989,27/11/2017
534,Alexia Martins,29/08/1990,27/07/2016
535,Laís Nunes,02/03/2003,01/06/2021
536,Srta. Milena Martins,07/08/2001,29/08/2022
537,Pedro Gonçalves,08/01/2005,02/06/2022
538,Breno Silveira,19/07/2002,21/03/2014
539,Dr. Levi Costela,03/03/1987,27/10/2015
540,Cauã Freitas,12/03/1991,19/11/2017
541,Esther Nascimento,04/07/1995,12/01/2016
542,João Miguel Melo,10/11/1966,08/09/2022
543,Pedro Cardoso,08/02/1978,05/02/2023
544,Agatha Carvalho,15/01/2002,28/08/2020
545,Dra. Daniela Lima,25/12/1966,19/06/2023
546,Dr. Lucas Novaes,29/06/1972,27/12/2023
547,Isabel Costela,27/08/1961,19/09/2014
548,Ana Vitória Costa,01/06/1989,03/02/2015
549,Sr. Danilo da Luz,21/08/1979,22/08/2020
550,Elisa Mendes,27/06/1993,14/07/2019
551,Larissa da Cunha,18/10/1971,06/07/2014
552,Dr. João Miguel Martins,30/12/1972,23/08/2017
553,Joana Farias,27/08/2000,29/04/2020
554,Pietro Carvalho,18/02/1980,27/01/2023
555,Dr. Renan Jesus,12/08/1966,27/09/2016
556,Dr. Caio Fogaça,04/10/1996,23/02/2021
557,Isaac Ferreira,10/08/1962,17/01/2016
558,Olivia Souza,04/04/1969,04/06/2023
559,Sr. Nathan Pires,17/07/1991,07/01/2017
560,Lara Fernandes,14/10/1987,16/09/2022
561,Agatha Monteiro,28/05/1996,09/12/2015
562,Sr. Danilo Duarte,12/04/1983,28/06/2015
563,Heitor Melo,27/09/1995,09/10/2021
564,Cecília das Neves,02/03/1969,29/01/2021
565,Davi Lucas Santos,25/01/2003,13/10/2020
566,Sra. Eduarda Peixoto,28/09/1985,08/11/2021
567,Ana Laura Almeida,19/03/1961,13/09/2017
568,Eloah Peixoto,20/03/1974,18/11/2022
569,Cecília Barros,23/11/1986,05/07/2022
570,Dr. Rodrigo da Rocha,29/10/2000,18/06/2014
571,João Vitor Lima,07/06/2003,15/11/2019
572,Ana Lívia Mendes,20/06/1983,21/12/2016
573,Maria Luiza Martins,18/05/2004,14/12/2016
574,Ana Julia Costa,10/09/1984,06/06/2019
575,Ana Vitória Duarte,25/02/1958,20/07/2020
576,Emilly Peixoto,14/12/1988,18/08/2020
577,Dr. Isaac Barros,12/06/1966,25/07/2019
578,Pedro Henrique Costela,23/11/1995,17/01/2015
579,Catarina Novaes,24/03/1977,23/02/2020
580,Gustavo Souza,05/05/1996,13/05/2014
581,Nicolas da Mota,06/04/1963,20/12/2022
582,Julia Cavalcanti,13/02/1979,15/12/2020
583,Luna Correia,25/04/2001,28/08/2016
584,Maria Pereira,12/06/1968,04/12/2020
585,Felipe Fogaça,18/05/1986,20/02/2014
586,Maria Eduarda Barbosa,15/03/2005,02/11/2021
587,Augusto Aragão,01/05/1992,17/04/2023
588,Calebe Monteiro,25/10/2001,09/11/2022
589,Danilo Peixoto,19/06/1966,02/07/2016
590,Ana Julia Silveira,21/06/1973,13/07/2022
591,Srta. Emanuella Ferreira,10/04/1969,11/11/2014
592,Dr. João Felipe Cavalcanti,12/07/1989,03/09/2017
593,Nina Aragão,19/02/1994,05/09/2017
594,Laís Gonçalves,26/10/1972,01/02/2015
595,Maysa Pereira,10/06/1963,21/05/2022
596,Davi Lucas Jesus,08/08/1986,30/06/2023
597,Lucas Gabriel Lima,10/03/1985,06/09/2023
598,Agatha Ferreira,08/12/1961,12/11/2020
599,Lorenzo Freitas,09/04/1976,05/01/2017
600,Marina Gomes,11/08/1981,23/12/2023
601,Bryan Nascimento,22/09/1960,10/06/2016
602,Sarah da Conceição,15/04/1993,10/07/2015
603,Eduarda Oliveira,07/12/1997,19/06/2016
604,Benjamin Costa,12/10/1962,03/11/2022
605,Marcela da Costa,06/08/1972,17/02/2023
606,Sabrina Ramos,16/02/1997,16/04/2020
607,Diego Freitas,01/07/1994,08/08/2023
608,Carlos Eduardo Rodrigues,09/10/1973,08/03/2019
609,Maria Sophia Caldeira,23/08/1969,10/02/2020
610,Dra. Alexia Castro,01/11/1969,30/08/2023
611,Maria Clara Gonçalves,27/12/1990,18/10/2021
612,Dr. Enzo da Conceição,21/03/1967,29/05/2017
613,Nicolas Rodrigues,09/12/2003,18/10/2021
614,Miguel Alves,02/10/2003,29/11/2014
615,Sr. Guilherme Aragão,04/11/2003,03/09/2020
616,Isaac Azevedo,06/10/1962,29/11/2018
617,Pedro Nascimento,07/04/1989,21/11/2016
618,Srta. Julia da Mata,06/03/1996,20/12/2018
619,Vitor da Rocha,11/05/1977,23/08/2022
620,Dra. Isabella Martins,05/07/2004,05/07/2017
621,Luiz Miguel Cardoso,14/12/1979,17/09/2023
622,Fernanda Oliveira,08/05/1964,07/12/2017
623,Davi Lucca Nunes,28/03/2002,03/12/2017
624,Vitor Gabriel Campos,22/03/1987,13/05/2021
625,Vicente Araújo,22/08/1989,19/12/2014
626,Sra. Melissa Cavalcanti,26/12/2000,30/11/2014
627,Sra. Sophia Mendes,10/08/1972,13/08/2022
628,Letícia Rodrigues,13/10/1966,29/05/2017
629,Srta. Maria Alice Vieira,15/04/1968,16/08/2022
630,Maria Clara Alves,16/10/1999,30/01/2021
631,Ana Luiza Nunes,10/12/1978,09/01/2022
632,Sra. Ana Aragão,08/02/2005,08/04/2020
633,Gabriela Caldeira,10/04/2004,15/12/2022
634,Sra. Sofia Duarte,12/02/1979,11/08/2017
635,Pietro Oliveira,15/03/1993,05/10/2021
636,Gustavo Henrique Ramos,12/01/1965,27/12/2015
637,Beatriz Pereira,17/11/1970,26/01/2019
638,Caroline Dias,17/02/1993,13/11/2023
639,Samuel da Rocha,19/09/1998,10/11/2021
640,Dr. Eduardo Monteiro,08/01/1961,03/06/2019
641,Fernanda das Neves,30/01/1995,24/03/2019
642,Isabel Moura,04/09/1977,01/03/2023
643,Dra. Stephany Cavalcanti,30/04/1998,09/12/2014
644,Davi Lucas Vieira,14/09/1967,10/04/2021
645,Miguel Cavalcanti,14/07/1999,15/08/2018
646,Enzo Gabriel Souza,01/07/2005,24/11/2016
647,Natália Jesus,02/10/2005,23/05/2018
648,Ana Luiza Castro,14/07/1989,22/08/2021
649,Davi Carvalho,13/10/1964,14/07/2018
650,Emanuella Barros,16/11/2005,13/01/2017
651,Guilherme Costela,13/01/1986,25/08/2015
652,Isaac Freitas,19/10/2003,18/11/2015
653,Elisa Azevedo,20/11/1966,08/12/2017
654,Enrico Viana,22/07/1968,21/03/2017
655,Larissa da Cunha,08/03/1962,13/09/2015
656,Dra. Sarah das Neves,18/11/1991,04/06/2021
657,João Pedro da Cunha,27/05/1995,14/11/2020
658,Eduarda Duarte,16/04/1998,10/01/2018
659,Sra. Kamilly Barbosa,26/01/1986,26/01/2017
660,Isabella Freitas,19/02/2001,01/05/2019
661,Dr. Davi Oliveira,14/08/2004,29/03/2023
662,Joaquim da Rosa,01/05/1958,05/10/2022
663,Beatriz Caldeira,20/11/1989,21/06/2014
664,Lívia Alves,27/03/2005,18/05/2017
665,Dr. Lorenzo Silva,19/12/1978,13/10/2019
666,Sofia da Paz,14/09/1985,22/10/2015
667,Dr. Lucas Lopes,03/04/1959,16/12/2021
668,Pietra Silveira,05/12/1972,28/05/2023
669,Paulo Oliveira,06/10/1985,19/12/2019
670,Emanuelly Gonçalves,13/05/2003,13/04/2015
671,Dra. Isadora Cavalcanti,08/12/1974,16/01/2020
672,Carolina Aragão,12/10/1961,12/05/2020
673,Sr. Fernando Mendes,26/01/1972,06/12/2021
674,Miguel Pires,08/07/1977,16/07/2016
675,Manuela Vieira,31/12/1983,24/06/2022
676,Enzo da Luz,17/06/1960,23/03/2020
677,Bernardo Almeida,31/10/1978,02/03/2023
678,Letícia da Rosa,11/11/1975,14/12/2020
679,Ana Júlia Aragão,25/03/1970,29/08/2023
680,Rafael Rezende,05/02/1962,14/05/2016
681,Brenda Martins,02/07/1958,06/10/2020
682,Lívia da Paz,23/04/1992,26/04/2019
683,Agatha Souza,29/10/1978,19/09/2018
684,Nina Ramos,21/09/1993,04/12/2019
685,Maria Cecília Carvalho,07/09/1962,05/07/2014
686,João Felipe Melo,14/11/1966,15/06/2015
687,Letícia Castro,07/05/1981,30/03/2017
688,Olivia Martins,30/11/1988,13/10/2017
689,Luigi Lopes,19/06/1979,27/03/2016
690,Raquel Costela,24/01/1965,14/11/2019
691,Maria Eduarda Viana,29/01/2001,08/05/2014
692,Davi das Neves,25/09/1993,25/11/2017
693,Olivia Costela,06/06/1992,13/01/2022
694,Alexandre Silva,13/05/1958,04/02/2017
695,João Vitor Nascimento,14/03/2001,29/05/2016
696,Breno Barbosa,07/07/1969,16/11/2019
697,Nathan Monteiro,02/08/1959,01/03/2019
698,João Rezende,29/05/1971,20/02/2017
699,Lívia Cardoso,01/11/1970,02/07/2023
700,Enzo Nunes,05/09/1965,29/07/2018
701,Bernardo Oliveira,12/12/1986,14/09/2017
702,Benjamin da Luz,09/10/2003,24/10/2019
703,Srta. Maria Fernanda Aragão,30/04/1973,07/01/2016
704,Ana Costela,30/05/1963,27/12/2017
705,Laís da Paz,28/05/1994,27/05/2016
706,Maria da Costa,06/06/1959,03/07/2015
707,Thiago Cavalcanti,02/12/1990,24/12/2021
708,Laura Dias,25/12/1969,12/07/2018
709,Calebe Farias,17/02/1996,26/02/2023
710,Lucas Moura,18/06/1967,29/12/2018
711,Nina Sales,07/03/1981,28/02/2015
712,Lorena da Mata,15/09/1994,11/05/2023
713,Ana Vitória Alves,29/09/2004,04/04/2014
714,Luiz Otávio Farias,24/07/1972,01/02/2021
715,Sra. Olivia Costa,02/12/1993,21/12/2018
716,Pedro Lucas Silva,24/01/1984,08/05/2022
717,Vinicius Ribeiro,18/06/1965,10/06/2015
718,Davi Luiz da Cruz,02/09/1987,08/02/2019
719,Ryan da Mata,29/07/1999,15/03/2020
720,Sra. Maria Fernanda Lima,19/12/1978,17/11/2015
721,Enzo Cardoso,29/04/1961,05/08/2021
722,Luiz Henrique Santos,27/12/1973,02/06/2020
723,Sabrina Rocha,22/05/1987,04/08/2015
724,Dr. Erick Castro,25/04/1998,06/12/2021
725,Cauã Novaes,05/03/1969,11/06/2014
726,Ana Carolina Campos,13/04/1998,20/12/2015
727,Alícia Moura,13/01/1971,23/07/2023
728,Vitor Hugo Souza,15/02/1984,14/08/2018
729,Yasmin Nogueira,09/03/1966,21/10/2015
730,Benjamin Gomes,30/06/1989,01/06/2020
731,Bruno da Paz,19/01/1989,08/01/2022
732,Sra. Maysa Pires,18/01/1991,21/08/2020
733,Pedro Miguel Porto,28/04/1996,08/08/2020
734,Luiz Fernando Dias,14/07/1992,20/02/2021
735,Luiz Miguel Teixeira,01/03/1978,30/11/2021
736,Manuela Cunha,20/02/1983,05/01/2024
737,Joana Silva,14/07/1975,13/09/2019
738,Ana Vitória Rezende,30/05/2003,28/02/2017
739,Ana Julia Pires,24/04/1962,11/08/2022
740,Srta. Milena Almeida,19/10/2004,11/04/2014
741,Brenda Jesus,19/08/2003,26/02/2014
742,Sophia Fogaça,13/08/1975,31/08/2019
743,Daniela Rezende,21/09/1975,27/12/2015
744,Agatha Pereira,23/06/1966,15/07/2018
745,Isis Rocha,07/02/1959,28/12/2019
746,Dr. Pedro Nunes,11/02/1996,10/03/2021
747,Gabrielly Almeida,21/07/1960,30/08/2016
748,Eduardo Novaes,30/07/1996,18/11/2016
749,Otávio Lopes,04/02/1999,02/06/2020
750,Gabrielly Freitas,20/02/2003,29/06/2019
751,Antônio Barbosa,31/05/1961,18/08/2020
752,Thomas da Conceição,17/04/1989,16/07/2019
753,Leandro Ramos,06/11/1970,27/05/2015
754,João Guilherme Rocha,25/10/2000,25/01/2023
755,Camila Barbosa,18/02/1993,10/11/2018
756,Emanuella Cunha,14/06/1983,19/03/2016
757,Pedro Miguel Rocha,23/05/1959,27/08/2017
758,Marcelo Silva,01/10/1967,05/10/2017
759,Brenda Moura,12/06/1967,31/07/2017
760,Dr. Bernardo Araújo,21/11/1966,08/04/2023
761,Manuela da Costa,25/11/2005,09/06/2020
762,Pietro Campos,26/09/1992,25/07/2015
763,Rafaela Pinto,26/09/2005,23/10/2018
764,Ana Clara Castro,09/01/1999,12/04/2017
765,Carolina Moura,21/06/2004,03/11/2017
766,Agatha Gomes,17/06/1988,02/05/2020
767,Ana Sophia Rocha,08/09/1990,12/07/2015
768,Sr. Davi Duarte,23/02/1967,09/09/2019
769,Dr. Luiz Miguel Rocha,20/08/1972,13/06/2020
770,Diogo Nogueira,03/08/1981,24/02/2020
771,Erick Barbosa,21/11/1983,16/11/2016
772,Murilo Gomes,26/04/2002,06/02/2015
773,Agatha Pires,03/01/2000,30/03/2019
774,Emanuel Fernandes,03/02/1999,15/01/2023
775,Isabel Caldeira,06/03/1980,08/07/2022
776,Luigi Nogueira,03/08/1975,14/11/2021
777,Sra. Alícia Teixeira,16/06/1995,26/02/2021
778,Francisco Gonçalves,24/09/1992,08/11/2018
779,Fernando Silveira,21/11/1960,25/01/2019
780,Luna da Paz,27/09/1984,06/10/2023
781,Dra. Caroline da Cunha,07/08/1972,01/03/2018
782,Yuri Gomes,27/06/2004,14/05/2018
783,Sofia Araújo,17/10/1962,02/02/2018
784,Dra. Daniela Moreira,27/12/1989,22/06/2018
785,Danilo Silveira,24/05/1963,06/02/2023
786,Sophie da Mota,29/11/1965,23/11/2020
787,Sr. Arthur Correia,15/01/2000,25/11/2018
788,Ana Julia Correia,17/10/1998,01/09/2023
789,Leonardo Carvalho,05/09/1964,22/10/2023
790,Francisco Silva,08/06/1966,16/04/2021
791,Sra. Laura Carvalho,31/07/1985,25/01/2023
792,João Pedro Ferreira,07/03/1977,13/07/2023
793,Sr. Miguel da Rocha,10/11/1961,22/12/2020
794,Maria Luiza Viana,16/11/1992,04/03/2023
795,Nicole Araújo,06/02/1993,10/11/2019
796,Thales da Conceição,27/10/1976,11/04/2015
797,Anthony Santos,27/06/1984,24/01/2016
798,Enzo Gabriel Ferreira,27/06/1964,07/12/2015
799,Letícia da Mata,23/06/1999,09/03/2017
800,Eloah Dias,11/11/1963,29/10/2023
801,Caio Nogueira,28/12/1960,07/07/2022
802,Sr. Nathan Jesus,26/08/1960,03/10/2016
803,Maria Luiza Pereira,03/10/2004,26/06/2018
804,Luiz Henrique Caldeira,01/11/1996,25/01/2017
805,Breno Costa,09/05/1990,26/01/2022
806,Agatha Moreira,12/06/1996,02/05/2020
807,Sr. Davi Lucca Rodrigues,04/05/2001,12/05/2022
808,Ana Julia Moreira,03/07/1964,01/05/2014
809,Maysa Duarte,28/11/1999,28/03/2019
810,Guilherme Ramos,02/09/1984,10/04/2020
811,João Lucas Cardoso,09/09/1961,02/02/2015
812,Dr. Matheus Lopes,23/01/1962,31/03/2020
813,Cauã Araújo,24/06/1969,31/03/2023
814,Maria Eduarda Rocha,08/06/1974,14/10/2023
815,João Gabriel Ramos,04/03/1979,27/08/2022
816,Pietro Aragão,13/03/1986,21/08/2015
817,Antônio Freitas,19/11/1969,26/05/2023
818,Ana Lívia Barros,26/12/1987,24/05/2015
819,Theo Castro,21/10/1998,23/09/2019
820,Luigi Peixoto,17/08/1993,21/08/2016
821,Danilo Teixeira,09/04/1999,13/07/2020
822,João Guilherme da Paz,29/04/1994,16/06/2023
823,Marina Gomes,06/03/1981,26/04/2019
824,Giovanna da Paz,30/01/1968,26/06/2020
825,Luigi da Cruz,28/07/1992,05/10/2018
826,Dr. Benjamin Castro,04/10/1961,28/07/2021
827,Alícia Moreira,01/06/1990,10/07/2016
828,Emanuella Gomes,14/10/1965,29/10/2016
829,Marcos Vinicius Araújo,27/12/2005,31/05/2015
830,Giovanna Vieira,13/03/1973,31/01/2024
831,Dr. Renan Moura,23/09/1983,30/06/2022
832,Anthony Moraes,26/12/1991,03/10/2022
833,Daniel da Mata,11/09/2003,22/03/2019
834,Bruno Barros,28/06/1981,28/05/2021
835,Rafaela Vieira,16/06/1989,27/07/2018
836,Srta. Valentina Silva,26/12/2005,10/06/2016
837,Levi Monteiro,05/04/1967,25/04/2017
838,Dr. Kaique Aragão,14/05/1981,25/10/2018
839,Marina Correia,26/07/1991,16/05/2018
840,Srta. Melissa Cardoso,09/01/1976,26/12/2014
841,Luigi da Cruz,29/04/1961,12/10/2023
842,Davi Lucca Freitas,16/01/1967,26/07/2021
843,Maria Fernanda Rezende,05/04/1991,17/03/2020
844,Bruno Monteiro,10/02/1965,10/08/2017
845,Milena da Cunha,11/03/1981,09/07/2014
846,Otávio Gomes,03/07/1987,21/06/2018
847,Luiza da Cruz,11/11/1971,23/04/2017
848,Luana Fogaça,17/05/1990,07/03/2017
849,Igor Azevedo,01/07/2004,11/04/2023
850,Enzo Gabriel Rodrigues,08/11/1974,07/11/2021
851,Júlia Ramos,27/03/1988,03/05/2016
852,Breno Monteiro,08/09/1988,30/04/2018
853,Ana Carolina Cunha,12/02/1970,04/07/2022
854,Agatha Gonçalves,03/02/1960,17/11/2019
855,Leonardo da Rosa,23/06/2000,03/11/2016
856,Maria Julia Costa,11/04/1982,23/05/2017
857,Gustavo Henrique Nascimento,20/01/1984,02/12/2016
858,Alexia Melo,16/11/1966,27/09/2014
859,Lívia Moreira,04/01/1979,19/03/2018
860,Laura Moraes,18/11/1981,25/10/2022
861,Bárbara Peixoto,07/10/1981,13/08/2015
862,Emanuelly Fogaça,22/04/1983,05/02/2021
863,Paulo Cardoso,17/04/1982,24/03/2017
864,Maria Fernanda Freitas,06/01/1977,24/11/2020
865,Dra. Gabriela Sales,24/04/1991,29/02/2016
866,Yago da Mota,27/08/2003,05/12/2020
867,Gustavo Barbosa,08/10/1976,13/05/2020
868,Maria Sophia Sales,26/09/1958,30/06/2020
869,Murilo Cavalcanti,25/05/1959,24/07/2023
870,Dr. Bryan Santos,18/03/1976,25/08/2016
871,Marcelo Silveira,02/04/1959,18/01/2020
872,Amanda Almeida,08/10/2004,07/11/2022
873,Bárbara Alves,05/04/1996,15/12/2018
874,Mariana Ramos,09/09/1994,30/06/2017
875,Renan Nunes,21/01/1999,06/04/2021
876,João Pedro Ferreira,22/12/1969,03/10/2018
877,Ryan Monteiro,24/10/1983,29/08/2020
878,Daniela Martins,06/10/1989,11/01/2016
879,Esther Costa,22/05/1977,08/03/2022
880,Raquel Teixeira,25/08/1982,09/02/2015
881,Kevin Farias,11/04/1978,27/01/2019
882,Clarice Moraes,02/12/1977,02/02/2017
883,Breno Novaes,24/06/1986,10/02/2016
884,Elisa Barros,23/07/2003,17/02/2016
885,Maysa Gomes,07/01/1992,30/08/2018
886,Srta. Gabriela Moura,05/11/2000,22/07/2019
887,Sra. Valentina Vieira,12/04/1965,28/11/2014
888,Alana Nunes,24/06/1997,02/11/2023
889,Leonardo Viana,27/09/1963,29/11/2017
890,Dra. Emanuella da Costa,19/12/1971,19/03/2023
891,Lavínia da Paz,10/05/1970,10/06/2014
892,Isadora Nascimento,16/12/1972,09/09/2021
893,Isis Cardoso,11/03/1995,03/06/2020
894,Milena Campos,12/09/1975,23/12/2017
895,João Gabriel da Conceição,06/12/1979,04/08/2016
896,Pedro Moura,14/02/1976,12/07/2023
897,Bárbara Oliveira,25/04/2001,26/07/2017
898,Diego Carvalho,23/10/1968,08/02/2017
899,Alexandre Pereira,16/09/1968,07/11/2017
900,Camila Almeida,28/09/2001,08/04/2016
901,Pietro Novaes,23/06/1966,15/03/2018
902,Evelyn Gomes,21/10/1976,22/05/2018
903,Alexandre Farias,30/09/1995,02/12/2019
904,Thales da Cruz,29/04/1978,27/03/2023
905,Diogo Vieira,28/10/1976,06/07/2018
906,Paulo Novaes,19/04/1979,26/12/2022
907,Sr. Davi Monteiro,10/03/2004,20/01/2024
908,Otávio Moraes,05/08/1963,24/07/2017
909,Yuri Freitas,04/12/2002,17/04/2016
910,Dr. Enzo Martins,25/03/1980,08/08/2022
911,Luna Mendes,25/11/1969,19/08/2015
912,Sra. Gabriela Gonçalves,06/06/2000,06/01/2022
913,Isabelly Fogaça,17/11/1970,27/01/2022
914,Alana Monteiro,15/01/1960,14/10/2018
915,Noah Vieira,19/04/1960,24/07/2017
916,Ana Beatriz Ferreira,19/02/1969,23/12/2020
917,Marcos Vinicius Araújo,11/12/2004,03/01/2015
918,Vitória da Paz,07/10/1959,20/12/2020
919,Maria Alice Ribeiro,03/06/1961,06/12/2019
920,Maria Luiza Ferreira,03/04/1971,19/06/2016
921,Vitor Nascimento,17/12/1966,29/06/2019
922,Bryan Monteiro,04/10/1988,18/09/2020
923,João Pedro Vieira,06/11/1967,15/03/2021
924,Sra. Milena Rocha,26/12/1981,06/09/2023
925,Juan Fernandes,31/07/1983,03/08/2023
926,Eduardo Costa,18/03/2002,10/01/2017
927,Luiza Oliveira,18/05/1962,15/02/2014
928,Rodrigo Mendes,19/01/1962,28/08/2018
929,Heitor Campos,21/02/1995,20/07/2019
930,Sr. Davi Luiz Carvalho,02/02/1968,16/07/2019
931,Esther Nunes,14/02/1968,25/09/2017
932,Ana Sophia Rocha,09/11/1993,06/11/2020
933,Matheus Monteiro,18/08/1988,26/10/2017
934,Sr. Matheus Peixoto,24/03/1972,25/02/2014
935,Davi Lucca Cardoso,15/02/1967,13/01/2023
936,Sophia Oliveira,31/05/1959,05/01/2017
937,Raul Peixoto,14/05/1984,07/12/2016
938,Esther Costa,01/02/1977,07/08/2017
939,Dr. Vitor Gabriel Moreira,19/06/2005,27/05/2021
940,Danilo Duarte,08/01/1968,08/01/2018
941,Julia Novaes,07/04/1971,20/09/2023
942,Dra. Evelyn Ferreira,25/03/1988,25/06/2017
943,Nicole Correia,17/08/2004,07/10/2016
944,Juan Moraes,27/03/1964,17/09/2023
945,Rebeca Oliveira,06/11/2004,01/02/2020
946,Dra. Júlia Barbosa,15/06/1986,03/08/2019
947,Helena Lima,06/09/1998,09/04/2019
948,Eduardo Souza,27/10/1982,25/05/2017
949,Levi Nascimento,10/01/1963,19/01/2016
950,Melissa Araújo,13/06/1979,21/12/2014
951,Maria Sophia da Paz,03/07/1979,14/05/2018
952,João Fogaça,13/07/1970,19/07/2020
953,Gabriela Barros,30/09/1984,26/01/2022
954,Caio Oliveira,01/10/2005,06/12/2018
955,Helena Cardoso,10/01/1974,07/05/2015
956,Davi Lucas Pinto,13/01/1986,30/10/2014
957,Emanuel Ferreira,13/07/1958,30/01/2020
958,Theo Barbosa,03/08/1988,02/09/2019
959,João Lucas Pires,05/08/1985,08/02/2021
960,Daniela Cardoso,02/05/2000,26/06/2017
961,Leonardo Silva,04/03/1987,22/06/2020
962,Alícia da Mota,24/09/1985,24/10/2018
963,Natália Jesus,02/04/1981,22/09/2021
964,Vitor Hugo Monteiro,01/01/1984,22/11/2021
965,Pedro Lucas Jesus,13/04/1959,07/02/2015
966,Luiz Otávio Moura,21/04/1965,13/06/2019
967,Lara Farias,20/02/1964,28/04/2020
968,Eloah Castro,21/06/1992,10/05/2015
969,Sofia Almeida,11/08/1992,02/07/2023
970,Melissa Castro,14/03/1973,11/06/2018
971,Luiz Miguel Fernandes,17/03/1999,07/11/2019
972,Marcos Vinicius Ferreira,11/09/1981,29/04/2015
973,Ana Clara das Neves,28/12/1958,15/08/2019
974,Thomas da Paz,07/11/1999,15/09/2023
975,Vitória Nascimento,23/08/2005,09/06/2018
976,Dr. Igor Barros,14/02/1998,24/12/2015
977,Srta. Laura Cunha,20/06/1967,22/02/2019
978,Lara Ferreira,04/08/1997,03/09/2014
979,Elisa Lopes,18/02/1997,12/10/2015
980,Sra. Helena Moura,20/10/1992,29/09/2016
981,Sra. Eduarda Nascimento,16/08/1997,02/11/2022
982,Caroline Campos,24/07/1982,07/07/2015
983,Emilly da Rocha,18/01/2005,27/07/2014
984,Maysa Cunha,20/12/1998,06/06/2016
985,Miguel Cardoso,29/07/1988,01/04/2015
986,Stephany Mendes,20/07/2000,14/07/2017
987,Dr. Thomas Rodrigues,13/11/1964,08/06/2014
988,Helena Farias,12/05/1970,08/09/2016
989,João Nogueira,24/12/1998,29/12/2015
990,Luiz Felipe da Luz,14/07/1960,20/04/2016
991,Ana Clara Pires,14/08/1985,21/12/2018
992,Lívia Martins,06/03/1973,17/09/2020
993,João Vitor Pereira,27/10/2002,03/06/2022
994,Emanuel Pires,26/10/1960,03/05/2022
995,Laura Sales,06/03/1965,17/05/2018
996,Beatriz Moraes,26/05/1988,31/05/2023
997,Bárbara Silveira,16/05/1990,31/08/2016
998,Otávio Nascimento,21/06/1978,18/12/2023
999,Benjamin Freitas,28/04/1985,29/09/2014
1000,Erick Rocha,16/08/1996,12/09/2014
